C1,C2,W1,W2
BCP,GLP,ABN,ajuda
BCP,GLP,evolução,Partex
BCP,GLP,refugiados,Marques Gonçalves
BCP,GLP,refugiados,General Motors
BCP,GLP,Mar,assistência
BCP,GLP,Millennium Atlântico,MARÇO 2016
BCP,GLP,Mar,Reclamações
BCP,GLP,Mar,serviços
BCP,GLP,República,subsolo
BCP,GLP,imobiliárias,troca
BCP,GLP,HNA,Transferências
BCP,GLP,incorporação,troca
BCP,GLP,Enerparcela,troca
BCP,GLP,essencial,Rubis
BCP,GLP,República,Lisboagás
BCP,GLP,Norberto Rosa,troca
BCP,GLP,críticos,aumentos
BCP,GLP,essencial,subsolo
BCP,GLP,República,Goldenergy
BCP,GLP,Santoro,Cepsa
BCP,GLP,exame,aumentos
BCP,GLP,Empresária,Disa
BCP,GLP,essencial,ocupação
BCP,GLP,essencial,Goldenergy
BCP,GLP,esclarecimentos,Continente
BCP,GLP,adverso,aumentos
BCP,GLP,essencial,PERES
BCP,GLP,essencial,Lisboagás
BCP,GLP,BDP,bombas
BCP,GLP,especialistas,bombas
BCP,GLP,Frank Gehry,aumentos
BCP,GLP,Texto Nuno Amado,aumentos
BCP,GLP,CaixaBank,Cepsa
BCP,GLP,compras,Fiequimetal
BCP,GLP,Báltico,aumentos
BCP,GLP,assalto,compras
BCP,GLP,ondas,retratos
BCP,GLP,HNA,Fernando Medina
BCP,GLP,Associação de investidores,coima
BCP,GLP,capacidade,Galp Gás Natural Distribuição
BCP,GLP,Oxy Capital,incêndios
BCP,GLP,francos,lubrificantes
BCP,GLP,Acuinova-Mira,Ricardo Salgado
BCP,GLP,aquicultura,incêndios
BCP,GLP,Pescanova,incêndios
BCP,GLP,Versos,Ricardo Salgado
BCP,GLP,francos,África
BCP,GLP,HNA,agricultura
BCP,GLP,Cayman,carros
BCP,GLP,CaixaBank,Disa
BCP,GLP,HNA,ferro
BCP,GLP,ondas,Jul
BCP,GLP,Acuinova-Mira,incêndios
BCP,GLP,ondas,agricultura
BCP,GLP,Associação de investidores,Bruxelas
BCP,GLP,Acuinova-Mira,deputado
BCP,GLP,Chineses,CA da Galp
BCP,GLP,HNA,CESE
BCP,GLP,Nueva Pescanova,incêndios
BCP,GLP,comunidade,bombas
BCP,GLP,difamação,Marrocos
BCP,GLP,Francisco Louçã,Marrocos
BCP,GLP,calúnia,Marrocos
BCP,GLP,aquicultura,terrorismo
BCP,GLP,Direto Podcasts Videocasts Programas Mais,Ruca
BCP,GLP,Oxy Capital,agricultura
BCP,GLP,trabalhadores,convites
BCP,GLP,Oxy Capital,terrorismo
BCP,GLP,Direto Podcasts Videocasts Programas Mais,seguidores
BCP,GLP,Ruca,seguidores
BCP,GLP,Oxy Capital,ferro
BCP,GLP,aquicultura,ferro
BCP,GLP,Pescanova,CESE
BCP,GLP,aquicultura,CESE
BCP,GLP,Pescanova,ferro
BCP,GLP,Ilhas Caimão,coment
BCP,GLP,DBRS,Kwanza
BCP,GLP,Oxy Capital,CESE
BCP,GLP,avião,CA da Galp
BCP,GLP,Acuinova-Mira,terrorismo
BCP,GLP,Oxy Capital,Meia-Noite O Sábio Sim
BCP,GLP,arguidos,Marrocos
BCP,GLP,Acuinova-Mira,ferro
BCP,GLP,Acuinova-Mira,CESE
BCP,GLP,Nueva Pescanova,CESE
BCP,GLP,Boris Johnson,CA da Galp
BCP,GLP,Second Screen,seguidores
BCP,GLP,REINO UNIDO,CA da Galp
BCP,GLP,remunerações,tribunais
BCP,GLP,devolução,presidentes
BCP,GLP,Orlando Figueira,Acionistas da Galp
BCP,GLP,devolução,vantagens
BCP,GLP,devolução,recebimento
BCP,GLP,Empresário da Madeira,Marrocos
BCP,GLP,Técnicos Bancários,Nuno Mascarenhas
BCP,GLP,Reditus,CNMC
BCP,GLP,compensação,Nuno Mascarenhas
BCP,GLP,devolução,convites
BCP,GLP,ordens,Marrocos
BCP,GLP,Técnicos Bancários,Álvaro Beijinha
BCP,GLP,compensação,responsáveis
BCP,GLP,Ganhos da Galp,Adolfo Mesquita Nunes
BCP,GLP,compensação,Álvaro Beijinha
BCP,GLP,Técnicos Bancários,responsáveis
BCP,GLP,devolução,acusação
BCP,GLP,remunerações,vantagens
BCP,GLP,remunerações,recebimento
BCP,GLP,Alexandra Campos,Marrocos
BCP,GLP,accionista,Toyota
BCP,GLP,Técnicos Bancários,tribunais
BCP,GLP,compensação,tribunais
BCP,GLP,Técnicos Bancários,isenção
BCP,GLP,compensação,isenção
BCP,GLP,detalhes,website
BCP,GLP,Ganhos da Galp,Mesquita Nunes
BCP,GLP,Florbela,compras
BCP,GLP,remunerações,convites
BCP,GLP,rede,leilões
BCP,GLP,Cayman,Marrocos
BCP,GLP,depoimento,Marrocos
BCP,GLP,aquisição,CNMC
BCP,GLP,remunerações,acusação
BCP,GLP,rede,Acionistas da Galp
BCP,GLP,Empresário da Madeira,Toyota
BCP,GLP,rede,Conselho de Administração
BCP,GLP,Fátima,leilões
BCP,GLP,marketing,website
BCP,GLP,chairman,website
BCP,GLP,Fátima,Acionistas da Galp
BCP,GLP,Alexandra Campos,Toyota
BCP,GLP,Técnicos Bancários,presidentes
BCP,GLP,Fátima,Conselho de Administração
BCP,GLP,compensação,presidentes
BCP,GLP,acusação,Marrocos
BCP,GLP,depoimento,Toyota
BCP,GLP,depoimento,Florbela
BCP,GLP,Guardar,website
BCP,GLP,rios,website
BCP,GLP,compensação,vantagens
BCP,GLP,Técnicos Bancários,recebimento
BCP,GLP,Técnicos Bancários,vantagens
BCP,GLP,compensação,recebimento
BCP,GLP,Ilhas Caimão,recebimento
BCP,GLP,Ilhas Caimão,vantagens
BCP,GLP,compensação,convites
BCP,GLP,Florbela,Marrocos
BCP,GLP,Técnicos Bancários,convites
BCP,GLP,Técnicos Bancários,acusação
BCP,GLP,compensação,acusação
BCP,GLP,ciberataque,leilões
BCP,GLP,ciberataque,Acionistas da Galp
BCP,GLP,prevenção,leilões
BCP,GLP,ciberataque,Conselho de Administração
BCP,GLP,prevenção,Conselho de Administração
